id,first_name,last_name
1,Jack,White
2,Marti,Trgovich
3,Caroline ,O'Doherty
4,Nadeem,Badshah
5,Donald,Clarke
6,Lauren,Murphy
7,Donald,Clarke
8,Daniella,Malgwi
9,Mark ,Poynting
10,Harry,Guerin
11, Jordan,King
12,Kevin ,Courtney
13,Zara,Morgan
14,Sean,Moncrieff
15,Alvy,Carragher
16,Aengus,Woods
17,Gemma,Tipton
18,Bryan,O'Brien
19,Sadie,Dingfelder
20,María de los ,Ángeles Orfila
21,Ally ,Wybrew
22,Heather,Greenwood Davis
23,Cian,O'Connell
24,Niamh ,Browne
25,Tom ,Lordan
26,Tara,Brady
27,Jason ,Bittel
28,Gennaro ,Tomma
29, Jordan,King
30,Jason,Bittel